name,email,session_id,user-agent,ip,created,updated,visits,active,hash,last_active
admin,yaxelrod@gmail.com,5428c91e-38d7-4ad5-9be3-c0d98102ee20,"Mozilla/5.0 (X11; Linux x86_64) AppleWebKit/537.36 (KHTML, like Gecko) Chrome/96.0.4664.110 Safari/537.36",127.0.0.1,"2022-01-26 04:51:30","2022-01-26 04:51:47",6,1,7z5o0gfy29oglbzp58xs4jd2jx8nev0r,"2022-01-26 12:43:05"
nnnnnnnn,yakov@trackonomics.net,5428c91e-38d7-4ad5-9be3-c0d98102ee20,"Mozilla/5.0 (X11; Linux x86_64) AppleWebKit/537.36 (KHTML, like Gecko) Chrome/96.0.4664.110 Safari/537.36",127.0.0.1,"2022-01-26 04:52:30","2022-01-26 04:52:31",5,1,hwxmt11l23ftd7ea3k97jw75rxi8fe3h,"2022-01-26 12:43:05"
popopopo,ppopopo@popoppo.pp,c99b674e-17c2-4fa1-8332-346c30af9ee1,"Mozilla/5.0 (X11; Ubuntu; Linux x86_64; rv:88.0) Gecko/20100101 Firefox/88.0",127.0.0.1,"2022-01-26 04:53:26","2022-01-26 04:53:26",1,0,7jrolsvtz2pdjh39djzzyiermwczokf4,"2022-01-26 05:40:49"
hhhhh,yaxelrod@protonmail.com,5428c91e-38d7-4ad5-9be3-c0d98102ee20,"Mozilla/5.0 (X11; Linux x86_64) AppleWebKit/537.36 (KHTML, like Gecko) Chrome/96.0.4664.110 Safari/537.36",127.0.0.1,"2022-01-26 05:31:52","2022-01-26 05:31:52",1,1,8hjtmz9dejcb7pwsyhuht0mg4atj9cm5,"2022-01-26 12:43:05"
admin,sales@hoststock.com,5428c91e-38d7-4ad5-9be3-c0d98102ee20,"Mozilla/5.0 (X11; Linux x86_64) AppleWebKit/537.36 (KHTML, like Gecko) Chrome/96.0.4664.110 Safari/537.36",127.0.0.1,"2022-01-26 05:35:15","2022-01-26 05:35:15",1,1,drcxj8i8d4cl5n7x55m1dy34c1o0r7j0,"2022-01-26 12:43:05"
hhhhh,yaxelrod@protonmail.com,5428c91e-38d7-4ad5-9be3-c0d98102ee20,"Mozilla/5.0 (X11; Linux x86_64) AppleWebKit/537.36 (KHTML, like Gecko) Chrome/96.0.4664.110 Safari/537.36",127.0.0.1,"2022-01-26 05:36:55","2022-01-26 05:36:55",1,1,7kawxc70z77llvkjvt9s7jfe55w9qoza,"2022-01-26 12:43:05"
popopopo,ppopopo@popoppo.pp,c99b674e-17c2-4fa1-8332-346c30af9ee1,"Mozilla/5.0 (X11; Ubuntu; Linux x86_64; rv:88.0) Gecko/20100101 Firefox/88.0",127.0.0.1,"2022-01-26 05:37:44","2022-01-26 05:37:44",1,0,c26xfj01zpk2hc4mv7czxfi4c7hdb553,"2022-01-26 05:40:49"
popopopo,yakov@akselrod.com,c99b674e-17c2-4fa1-8332-346c30af9ee1,"Mozilla/5.0 (X11; Ubuntu; Linux x86_64; rv:88.0) Gecko/20100101 Firefox/88.0",127.0.0.1,"2022-01-26 05:37:58","2022-01-26 05:37:58",1,0,3ancv9h0e6h1snbc7rip9t5rod2li9dy,"2022-01-26 05:40:49"
ghghgh,jjjjjjj@jjjjj.cc,5428c91e-38d7-4ad5-9be3-c0d98102ee20,"Mozilla/5.0 (X11; Linux x86_64) AppleWebKit/537.36 (KHTML, like Gecko) Chrome/96.0.4664.110 Safari/537.36",127.0.0.1,"2022-01-26 06:21:45","2022-01-26 06:21:45",1,1,dheaw26bbacolcratummlnts0ctcanb5,"2022-01-26 12:43:05"
